"Id","Target","Review","Research"
"1","1","口音很重讲课很快 Slides 一阵乱翻经常看不清。但是他的考试和 Jeff (Fall 2016) 相比良心很多，Jeff 喜欢考概念，判断对错啥的，而他基本是考大题。","可以，直接 Google CS research，在算法那一类里，不过现在好像不带新的学生。"
"2","1","讲课逻辑性也不错，只是对于某些本身就很恼火的 topic 像 Turing machine 跟 undecidability，处理也不是很到位，听得人很迷茫 （不过这两个topic大概也不容易有人能讲清楚）。趣味性不予置评，讲课节奏有时安排不是很好 (有些地方感觉还没反应过来 slides 就切过去了，有些地方又拖太久)。但对课程内容理解总体影响不大。",
"3","1","推荐。希望之后能有机会上他的 CS473。 ",
"4","1","Chandra 很赞，人也很负责。不过有同学觉得口音有些重，我没怎么去 Lecture，直接看视频觉得听懂没问题。","教授在算法方面是大牛，如果对算法有兴趣很值得考虑。而且人很热情有耐心。"
