"Id","Target","Desc_Lecture","Desc_Discussion","Desc_Homework","Desc_Lab","Desc_Quiz","Desc_Midterm","Desc_Project","Desc_Final","Desc_ExtraCredit","Desc_Other","Diff_Lecture","Diff_Discussion","Diff_Homework","Diff_Lab","Diff_Quiz","Diff_Midterm","Diff_Project","Diff_Final","Advice","AdviceForUs"
"1","1",,,,,,,,,,,"5","1","2","0","0","4","0","3","报不上课的要真有毅力请跟着上课。作业不能单纯抱大腿，最好每道题都看一下不然考试会炸。而且强烈建议把队友的作业都互相读一读保证正确率。",
"2","1",,,"除了自己负责的那道题之外，另外的题也要搞懂如何做，最好是自己做一遍，即使不把过程 explicitly 写下来。 ",,,"算法题做出来与做不出来之间常常就一个 Idea 的差距。那个 Idea 没想到就是没想到，需要多久才能想到也说不清。因此，玄学一点说，题感很重要。",,"即使前两次 midterm 都很好也别太自信，算法这东西脑子抽起来真的说不清楚，毕竟是 all or nothing 的东西，随时都存在血崩的可能的。",,,"0","2","3","1","0","5","0","4","上过 MATH 347 可能对本课有帮助。",
"3","1",,"最好还是听一听吧。","希望大家都能找到神队友~",,,,,"毕竟最后是根据排名给成绩的，只要保持好排名，成绩低问题也不大。",,,"0","0","3","0","0","2","0","1","勤动脑，多做练习，找感觉，把每一道题搞懂，得 A 难度不大。","已经很全面了。 我个人的意见其实是，每个人的学术背景、思维方式都很不一样，有时候课评会有误导性。比如我觉得简单的课别人也许会觉得难，反之别人都觉得很水的课，我会觉得难到无法忍受（比如我觉得 CS374 就不是很难，但是 CS125 是我来 UIUC 之后上过的最难的课，没有之一）。还是希望同学们都能自己摸索自己的学习方法，课评只是个参考。"
"4","1",,"可以不去 Discussion 自己直接做题。","实在想不出来的题目可以去OH讨论，通常之后都会有思路了。评分标准非常严。",,"不是很重要，没做过。","Chandra 的考试不是很难，很喜欢作业题的改编，所以题目一般都有类似的题型曾经出现过，不至于完全两眼一抹黑。",,,,,"5","2","1","0","0","3","0","4","平时多做一些题，考试前有点复习不完。OH 对作业帮助挺大。",
